trace_id,label,reason
SYN016,Pass,"Recipe lists salmon fillets and lemon."
SYN022,Pass,"Recipe lists eggs, spinach, and cheese."
SYN032,Pass,"Recipe lists quinoa, black beans, and avocado."
SYN040,Pass,"Recipe lists coconut milk and curry powder."
SYN049,Pass,"Recipe lists salmon fillets, asparagus, and lemon."
SYN072,Pass,"Recipe lists coconut milk, curry paste, and mixed vegetables."
SYN081,Pass,"Recipe lists chickpeas, avocado, and quinoa."
SYN086,Pass,"Recipe lists firm tofu, bell peppers, and soy sauce."
SYN096,Pass,"Recipe lists zucchinis, ground turkey, and Parmesan cheese."
SYN136,Pass,"Recipe lists coconut milk, spinach, and chicken."
